Feature,Coefficient
WTIOil_Kurs_return_5d,0.4643795692535243
DAX_Kurs_return_5d,-0.1698675451233062
VIX_Kurs_return_5d,-0.18857258545140856
BrentOil_Kurs_return_5d,-0.5241793577976415
