Feature,Importance
EXV9_ETF_Kurs_return_5d,0.23076478907590944
momentum_5d_vs_20d,0.276909694912567
vix_stress_level,0.3244216967371133
rel_strength_dax,0.16790381927441023
